{"1": {"timestamp": 1, "envelope": 45, "humidity": 31.100000381469727, "fahrenheit": 75.739998626709, "celsius": 24.299999237060547, "light": 868}, "2": {"timestamp": 2, "envelope": 45, "humidity": 31.100000381469727, "fahrenheit": 75.739998626709, "celsius": 24.200000762939453, "light": 869}, "3": {"timestamp": 3, "envelope": 40, "humidity": 31.100000381469727, "fahrenheit": 75.56000137329102, "celsius": 24.200000762939453, "light": 869}, "4": {"timestamp": 4, "envelope": 54, "humidity": 31.100000381469727, "fahrenheit": 75.739998626709, "celsius": 24.299999237060547, "light": 868}, "5": {"timestamp": 5, "envelope": 39, "humidity": 31.100000381469727, "fahrenheit": 75.56000137329102, "celsius": 24.200000762939453, "light": 869}, "6": {"timestamp": 6, "envelope": 47, "humidity": 31.100000381469727, "fahrenheit": 75.56000137329102, "celsius": 24.299999237060547, "light": 868}, "7": {"timestamp": 7, "envelope": 35, "humidity": 31.100000381469727, "fahrenheit": 75.56000137329102, "celsius": 24.200000762939453, "light": 867}, "8": {"timestamp": 8, "envelope": 51, "humidity": 31.100000381469727, "fahrenheit": 75.56000137329102, "celsius": 24.299999237060547, "light": 859}, "9": {"timestamp": 9, "envelope": 42, "humidity": 31.100000381469727, "fahrenheit": 75.56000137329102, "celsius": 24.299999237060547, "light": 863}, "10": {"timestamp": 10, "envelope": 51, "humidity": 31.200000762939453, "fahrenheit": 75.56000137329102, "celsius": 24.200000762939453, "light": 863}, "11": {"timestamp": 11, "envelope": 47, "humidity": 31.0, "fahrenheit": 75.56000137329102, "celsius": 24.200000762939453, "light": 868}, "12": {"timestamp": 12, "envelope": 53, "humidity": 31.100000381469727, "fahrenheit": 75.56000137329102, "celsius": 24.200000762939453, "light": 869}, "13": {"timestamp": 13, "envelope": 31, "humidity": 31.0, "fahrenheit": 75.56000137329102, "celsius": 24.200000762939453, "light": 870}, "14": {"timestamp": 14, "envelope": 42, "humidity": 31.0, "fahrenheit": 75.739998626709, "celsius": 24.200000762939453, "light": 868}, "15": {"timestamp": 15, "envelope": 29, "humidity": 31.0, "fahrenheit": 75.739998626709, "celsius": 24.299999237060547, "light": 869}, "16": {"timestamp": 16, "envelope": 33, "humidity": 30.899999618530273, "fahrenheit": 75.739998626709, "celsius": 24.299999237060547, "light": 868}, "17": {"timestamp": 17, "envelope": 43, "humidity": 30.899999618530273, "fahrenheit": 75.739998626709, "celsius": 24.299999237060547, "light": 868}, "18": {"timestamp": 18, "envelope": 65, "humidity": 31.299999237060547, "fahrenheit": 75.739998626709, "celsius": 24.200000762939453, "light": 841}, "19": {"timestamp": 19, "envelope": 29, "humidity": 30.899999618530273, "fahrenheit": 75.739998626709, "celsius": 24.299999237060547, "light": 865}, "20": {"timestamp": 20, "envelope": 75, "humidity": 31.0, "fahrenheit": 75.739998626709, "celsius": 24.299999237060547, "light": 868}, "21": {"timestamp": 21, "envelope": 39, "humidity": 31.0, "fahrenheit": 75.56000137329102, "celsius": 24.299999237060547, "light": 869}, "22": {"timestamp": 22, "envelope": 51, "humidity": 31.0, "fahrenheit": 75.739998626709, "celsius": 24.299999237060547, "light": 868}, "23": {"timestamp": 23, "envelope": 38, "humidity": 31.0, "fahrenheit": 75.739998626709, "celsius": 24.299999237060547, "light": 869}, "24": {"timestamp": 24, "envelope": 53, "humidity": 30.899999618530273, "fahrenheit": 75.56000137329102, "celsius": 24.299999237060547, "light": 868}, "25": {"timestamp": 25, "envelope": 50, "humidity": 30.899999618530273, "fahrenheit": 75.739998626709, "celsius": 24.200000762939453, "light": 868}, "26": {"timestamp": 26, "envelope": 69, "humidity": 31.799999237060547, "fahrenheit": 75.739998626709, "celsius": 24.299999237060547, "light": 868}, "27": {"timestamp": 27, "envelope": 50, "humidity": 31.0, "fahrenheit": 75.739998626709, "celsius": 24.299999237060547, "light": 868}, "28": {"timestamp": 28, "envelope": 52, "humidity": 31.700000762939453, "fahrenheit": 75.739998626709, "celsius": 24.299999237060547, "light": 869}, "29": {"timestamp": 29, "envelope": 33, "humidity": 31.0, "fahrenheit": 75.739998626709, "celsius": 24.200000762939453, "light": 868}, "30": {"timestamp": 30, "envelope": 59, "humidity": 31.0, "fahrenheit": 75.739998626709, "celsius": 24.200000762939453, "light": 869}, "31": {"timestamp": 31, "envelope": 50, "humidity": 31.0, "fahrenheit": 75.739998626709, "celsius": 24.299999237060547, "light": 869}, "32": {"timestamp": 32, "envelope": 39, "humidity": 31.100000381469727, "fahrenheit": 75.739998626709, "celsius": 24.200000762939453, "light": 869}, "33": {"timestamp": 33, "envelope": 60, "humidity": 31.200000762939453, "fahrenheit": 75.56000137329102, "celsius": 24.200000762939453, "light": 868}, "34": {"timestamp": 34, "envelope": 34, "humidity": 31.200000762939453, "fahrenheit": 75.739998626709, "celsius": 24.200000762939453, "light": 869}, "35": {"timestamp": 35, "envelope": 49, "humidity": 31.100000381469727, "fahrenheit": 75.56000137329102, "celsius": 24.299999237060547, "light": 868}, "36": {"timestamp": 36, "envelope": 39, "humidity": 31.200000762939453, "fahrenheit": 75.739998626709, "celsius": 24.200000762939453, "light": 869}, "37": {"timestamp": 37, "envelope": 37, "humidity": 31.100000381469727, "fahrenheit": 75.739998626709, "celsius": 24.200000762939453, "light": 869}, "38": {"timestamp": 38, "envelope": 51, "humidity": 31.200000762939453, "fahrenheit": 75.739998626709, "celsius": 24.200000762939453, "light": 869}, "39": {"timestamp": 39, "envelope": 25, "humidity": 31.200000762939453, "fahrenheit": 75.56000137329102, "celsius": 24.299999237060547, "light": 869}, "40": {"timestamp": 40, "envelope": 52, "humidity": 31.299999237060547, "fahrenheit": 75.56000137329102, "celsius": 24.200000762939453, "light": 868}, "41": {"timestamp": 41, "envelope": 41, "humidity": 31.200000762939453, "fahrenheit": 75.739998626709, "celsius": 24.200000762939453, "light": 868}, "42": {"timestamp": 42, "envelope": 36, "humidity": 31.200000762939453, "fahrenheit": 75.739998626709, "celsius": 24.299999237060547, "light": 868}, "43": {"timestamp": 43, "envelope": 42, "humidity": 31.399999618530273, "fahrenheit": 75.739998626709, "celsius": 24.200000762939453, "light": 871}, "44": {"timestamp": 44, "envelope": 33, "humidity": 31.100000381469727, "fahrenheit": 75.56000137329102, "celsius": 24.200000762939453, "light": 869}, "45": {"timestamp": 45, "envelope": 46, "humidity": 31.200000762939453, "fahrenheit": 75.56000137329102, "celsius": 24.299999237060547, "light": 868}, "46": {"timestamp": 46, "envelope": 30, "humidity": 31.200000762939453, "fahrenheit": 75.739998626709, "celsius": 24.200000762939453, "light": 869}, "47": {"timestamp": 47, "envelope": 71, "humidity": 31.100000381469727, "fahrenheit": 75.739998626709, "celsius": 24.299999237060547, "light": 868}, "48": {"timestamp": 48, "envelope": 42, "humidity": 31.200000762939453, "fahrenheit": 75.739998626709, "celsius": 24.299999237060547, "light": 869}, "49": {"timestamp": 49, "envelope": 50, "humidity": 31.0, "fahrenheit": 75.56000137329102, "celsius": 24.299999237060547, "light": 869}, "50": {"timestamp": 50, "envelope": 50, "humidity": 30.899999618530273, "fahrenheit": 75.739998626709, "celsius": 24.299999237060547, "light": 869}, "51": {"timestamp": 51, "envelope": 50, "humidity": 30.899999618530273, "fahrenheit": 75.739998626709, "celsius": 24.200000762939453, "light": 868}, "52": {"timestamp": 52, "envelope": 44, "humidity": 30.899999618530273, "fahrenheit": 75.56000137329102, "celsius": 24.200000762939453, "light": 868}, "53": {"timestamp": 53, "envelope": 45, "humidity": 30.899999618530273, "fahrenheit": 75.739998626709, "celsius": 24.299999237060547, "light": 869}, "54": {"timestamp": 54, "envelope": 31, "humidity": 30.899999618530273, "fahrenheit": 75.56000137329102, "celsius": 24.299999237060547, "light": 869}, "55": {"timestamp": 55, "envelope": 52, "humidity": 30.899999618530273, "fahrenheit": 75.739998626709,